-- phpMyAdmin SQL Dump
-- version 4.7.0
-- https://www.phpmyadmin.net/
--
-- Host: 127.0.0.1
-- Generation Time: Feb 28, 2018 at 10:23 AM
-- Server version: 10.1.26-MariaDB
-- PHP Version: 7.1.8

SET SQL_MODE = "NO_AUTO_VALUE_ON_ZERO";
SET AUTOCOMMIT = 0;
START TRANSACTION;
SET time_zone = "+00:00";


/*!40101 SET @OLD_CHARACTER_SET_CLIENT=@@CHARACTER_SET_CLIENT */;
/*!40101 SET @OLD_CHARACTER_SET_RESULTS=@@CHARACTER_SET_RESULTS */;
/*!40101 SET @OLD_COLLATION_CONNECTION=@@COLLATION_CONNECTION */;
/*!40101 SET NAMES utf8mb4 */;

--
-- Database: `jogathon`
--

-- --------------------------------------------------------

--
-- Table structure for table `kategori`
--

CREATE TABLE `kategori` (
  `kategori_ID` int(11) NOT NULL,
  `kategori_Name` varchar(9) NOT NULL,
  `donasi_tetap` int(11) NOT NULL
) ENGINE=InnoDB DEFAULT CHARSET=latin1;

--
-- Dumping data for table `kategori`
--

INSERT INTO `kategori` (`kategori_ID`, `kategori_Name`, `donasi_tetap`) VALUES
(1, 'Guru', 500000),
(2, 'Staff', 0),
(3, 'Mahasiswa', 0);

-- --------------------------------------------------------

--
-- Table structure for table `record`
--

CREATE TABLE `record` (
  `record_ID` int(3) NOT NULL,
  `runner_ID` int(11) NOT NULL,
  `record_Awal` timestamp(6) NOT NULL DEFAULT '0000-00-00 00:00:00.000000',
  `record_Akhir` timestamp(6) NOT NULL DEFAULT '0000-00-00 00:00:00.000000'
) ENGINE=InnoDB DEFAULT CHARSET=latin1;

--
-- Dumping data for table `record`
--

INSERT INTO `record` (`record_ID`, `runner_ID`, `record_Awal`, `record_Akhir`) VALUES
(1, 1004, '2018-02-28 08:29:23.000000', '2018-02-28 08:32:25.000000'),
(2, 1003, '2018-02-28 08:29:23.000000', '2018-02-28 08:32:05.000000'),
(3, 1003, '2018-02-28 08:32:05.000000', '2018-02-28 08:34:03.000000'),
(4, 1003, '2018-02-28 08:34:03.000000', '2018-02-28 08:36:19.000000'),
(5, 1004, '2018-02-28 08:32:25.000000', '2018-02-28 08:35:16.000000'),
(6, 1005, '2018-02-28 08:29:23.000000', '2018-02-28 08:32:22.000000'),
(7, 1006, '2018-02-28 08:29:23.000000', '2018-02-28 08:31:55.000000'),
(8, 1007, '2018-02-28 08:29:23.000000', '2018-02-28 08:32:15.000000'),
(9, 1002, '2018-02-28 08:29:23.000000', '2018-02-28 08:31:33.000000'),
(10, 1002, '2018-02-28 08:31:33.000000', '2018-02-28 08:34:00.000000'),
(11, 1006, '2018-02-28 08:31:55.000000', '2018-02-28 08:34:44.000000'),
(12, 1005, '2018-02-28 08:32:22.000000', '2018-02-28 08:35:25.000000'),
(13, 1004, '2018-02-28 08:35:16.000000', '2018-02-28 08:37:41.000000'),
(14, 1001, '2018-02-28 08:29:23.000000', '2018-02-28 08:31:36.000000'),
(15, 1001, '2018-02-28 08:31:36.000000', '2018-02-28 08:33:38.000000'),
(16, 1005, '2018-02-28 08:35:25.000000', '2018-02-28 08:37:16.000000'),
(17, 1006, '2018-02-28 08:34:44.000000', '2018-02-28 08:36:57.000000'),
(18, 1006, '2018-02-28 08:36:57.000000', '2018-02-28 08:39:04.000000'),
(19, 1006, '2018-02-28 08:39:04.000000', '2018-02-28 08:40:45.000000'),
(20, 1002, '2018-02-28 08:34:00.000000', '2018-02-28 08:35:46.000000'),
(21, 1002, '2018-02-28 08:35:46.000000', '2018-02-28 08:38:39.000000'),
(22, 1002, '2018-02-28 08:38:39.000000', '2018-02-28 08:41:17.000000'),
(23, 1002, '2018-02-28 08:41:17.000000', '2018-02-28 08:44:12.000000'),
(24, 1002, '2018-02-28 08:44:12.000000', '2018-02-28 08:46:52.000000'),
(25, 1007, '2018-02-28 08:32:15.000000', '2018-02-28 08:34:45.000000'),
(26, 1007, '2018-02-28 08:34:45.000000', '2018-02-28 08:37:15.000000'),
(27, 1002, '2018-02-28 08:46:52.000000', '2018-02-28 08:49:46.000000'),
(28, 1005, '2018-02-28 08:37:16.000000', '2018-02-28 08:39:17.000000'),
(29, 1001, '2018-02-28 08:33:38.000000', '2018-02-28 08:35:30.000000'),
(30, 1001, '2018-02-28 08:35:30.000000', '2018-02-28 08:37:37.000000'),
(31, 1001, '2018-02-28 08:37:37.000000', '2018-02-28 08:40:33.000000'),
(32, 1008, '2018-02-28 08:29:25.000000', '2018-02-28 08:31:33.000000'),
(33, 1009, '2018-02-28 08:29:26.000000', '2018-02-28 08:32:17.000000'),
(34, 1009, '2018-02-28 08:32:17.000000', '2018-02-28 08:34:00.000000'),
(35, 1005, '2018-02-28 08:39:17.000000', '2018-02-28 08:41:47.000000'),
(36, 1006, '2018-02-28 08:40:45.000000', '2018-02-28 08:43:49.000000'),
(37, 1007, '2018-02-28 08:37:15.000000', '2018-02-28 08:39:15.000000'),
(38, 1007, '2018-02-28 08:39:15.000000', '2018-02-28 08:41:21.000000'),
(39, 1005, '2018-02-28 08:41:47.000000', '2018-02-28 08:44:20.000000'),
(40, 1009, '2018-02-28 08:34:00.000000', '2018-02-28 08:36:24.000000'),
(41, 1001, '2018-02-28 08:40:33.000000', '2018-02-28 08:42:21.000000'),
(42, 1008, '2018-02-28 08:31:33.000000', '2018-02-28 08:33:55.000000'),
(43, 1010, '2018-02-28 08:29:27.000000', '2018-02-28 08:31:35.000000'),
(44, 1006, '2018-02-28 08:43:49.000000', '2018-02-28 08:45:31.000000'),
(45, 1006, '2018-02-28 08:45:31.000000', '2018-02-28 08:47:32.000000'),
(46, 1005, '2018-02-28 08:44:20.000000', '2018-02-28 08:46:17.000000'),
(47, 1010, '2018-02-28 08:31:35.000000', '2018-02-28 08:34:26.000000'),
(48, 1009, '2018-02-28 08:36:24.000000', '2018-02-28 08:39:00.000000'),
(49, 1001, '2018-02-28 08:42:21.000000', '2018-02-28 08:44:33.000000'),
(50, 1008, '2018-02-28 08:33:55.000000', '2018-02-28 08:36:21.000000'),
(51, 1010, '2018-02-28 08:34:26.000000', '2018-02-28 08:36:31.000000'),
(52, 1006, '2018-02-28 08:47:32.000000', '2018-02-28 08:49:13.000000'),
(53, 1011, '2018-02-28 08:29:28.000000', '2018-02-28 08:31:14.000000'),
(54, 1009, '2018-02-28 08:39:00.000000', '2018-02-28 08:40:36.000000'),
(55, 1001, '2018-02-28 08:44:33.000000', '2018-02-28 08:47:08.000000'),
(56, 1008, '2018-02-28 08:36:21.000000', '2018-02-28 08:38:01.000000'),
(57, 1008, '2018-02-28 08:38:01.000000', '2018-02-28 08:40:22.000000'),
(58, 1012, '2018-02-28 08:29:28.000000', '2018-02-28 08:31:38.000000'),
(59, 1011, '2018-02-28 08:31:14.000000', '2018-02-28 08:33:19.000000'),
(60, 1010, '2018-02-28 08:36:31.000000', '2018-02-28 08:38:48.000000'),
(61, 1007, '2018-02-28 08:41:21.000000', '2018-02-28 08:44:02.000000'),
(62, 1006, '2018-02-28 08:49:13.000000', '2018-02-28 08:51:47.000000'),
(63, 1009, '2018-02-28 08:40:36.000000', '2018-02-28 08:42:47.000000'),
(64, 1009, '2018-02-28 08:42:47.000000', '2018-02-28 08:44:23.000000'),
(65, 1012, '2018-02-28 08:31:38.000000', '2018-02-28 08:34:02.000000'),
(66, 1011, '2018-02-28 08:33:19.000000', '2018-02-28 08:36:13.000000'),
(67, 1006, '2018-02-28 08:51:47.000000', '2018-02-28 08:53:52.000000'),
(68, 1010, '2018-02-28 08:38:48.000000', '2018-02-28 08:40:49.000000'),
(69, 1010, '2018-02-28 08:40:49.000000', '2018-02-28 08:42:27.000000'),
(70, 1011, '2018-02-28 08:36:13.000000', '2018-02-28 08:37:51.000000'),
(71, 1012, '2018-02-28 08:34:02.000000', '2018-02-28 08:36:11.000000'),
(72, 1013, '2018-02-28 08:29:29.000000', '2018-02-28 08:31:50.000000'),
(73, 1001, '2018-02-28 08:47:08.000000', '2018-02-28 08:49:37.000000'),
(74, 1009, '2018-02-28 08:44:23.000000', '2018-02-28 08:47:22.000000'),
(75, 1014, '2018-02-28 08:29:30.000000', '2018-02-28 08:31:15.000000'),
(76, 1011, '2018-02-28 08:37:51.000000', '2018-02-28 08:40:02.000000'),
(77, 1011, '2018-02-28 08:40:02.000000', '2018-02-28 08:42:44.000000'),
(78, 1011, '2018-02-28 08:42:44.000000', '2018-02-28 08:44:34.000000'),
(79, 1011, '2018-02-28 08:44:34.000000', '2018-02-28 08:47:19.000000'),
(80, 1010, '2018-02-28 08:42:27.000000', '2018-02-28 08:44:14.000000'),
(81, 1006, '2018-02-28 08:53:52.000000', '2018-02-28 08:56:03.000000'),
(82, 1014, '2018-02-28 08:31:15.000000', '2018-02-28 08:34:07.000000'),
(83, 1001, '2018-02-28 08:49:37.000000', '2018-02-28 08:52:09.000000'),
(84, 1013, '2018-02-28 08:31:50.000000', '2018-02-28 08:33:43.000000'),
(85, 1009, '2018-02-28 08:47:22.000000', '2018-02-28 08:50:12.000000'),
(86, 1012, '2018-02-28 08:36:11.000000', '2018-02-28 08:38:21.000000'),
(87, 1014, '2018-02-28 08:34:07.000000', '2018-02-28 08:36:07.000000'),
(88, 1010, '2018-02-28 08:44:14.000000', '2018-02-28 08:46:52.000000'),
(89, 1007, '2018-02-28 08:44:02.000000', '2018-02-28 08:45:44.000000'),
(90, 1015, '2018-02-28 08:29:32.000000', '2018-02-28 08:32:03.000000'),
(91, 1006, '2018-02-28 08:56:03.000000', '2018-02-28 08:58:07.000000'),
(92, 1006, '2018-02-28 08:58:07.000000', '2018-02-28 09:01:08.000000'),
(93, 1014, '2018-02-28 08:36:07.000000', '2018-02-28 08:38:44.000000'),
(94, 1009, '2018-02-28 08:50:12.000000', '2018-02-28 08:52:58.000000'),
(95, 1013, '2018-02-28 08:33:43.000000', '2018-02-28 08:35:56.000000'),
(96, 1014, '2018-02-28 08:38:44.000000', '2018-02-28 08:41:05.000000'),
(97, 1006, '2018-02-28 09:01:08.000000', '2018-02-28 09:03:14.000000'),
(98, 1015, '2018-02-28 08:32:03.000000', '2018-02-28 08:34:17.000000'),
(99, 1010, '2018-02-28 08:46:52.000000', '2018-02-28 08:48:36.000000'),
(100, 1007, '2018-02-28 08:45:44.000000', '2018-02-28 08:48:46.000000'),
(101, 1010, '2018-02-28 08:48:36.000000', '2018-02-28 08:50:18.000000'),
(102, 1012, '2018-02-28 08:38:21.000000', '2018-02-28 08:40:49.000000'),
(103, 1009, '2018-02-28 08:52:58.000000', '2018-02-28 08:55:03.000000'),
(104, 1001, '2018-02-28 08:52:09.000000', '2018-02-28 08:53:49.000000'),
(105, 1013, '2018-02-28 08:35:56.000000', '2018-02-28 08:38:59.000000'),
(106, 1014, '2018-02-28 08:41:05.000000', '2018-02-28 08:43:10.000000'),
(107, 1016, '2018-02-28 08:29:33.000000', '2018-02-28 08:31:53.000000'),
(108, 1016, '2018-02-28 08:31:53.000000', '2018-02-28 08:33:44.000000'),
(109, 1006, '2018-02-28 09:03:14.000000', '2018-02-28 09:05:10.000000'),
(110, 1010, '2018-02-28 08:50:18.000000', '2018-02-28 08:53:15.000000'),
(111, 1015, '2018-02-28 08:34:17.000000', '2018-02-28 08:36:51.000000'),
(112, 1016, '2018-02-28 08:33:44.000000', '2018-02-28 08:35:42.000000'),
(113, 1016, '2018-02-28 08:35:42.000000', '2018-02-28 08:38:35.000000'),
(114, 1014, '2018-02-28 08:43:10.000000', '2018-02-28 08:45:31.000000'),
(115, 1013, '2018-02-28 08:38:59.000000', '2018-02-28 08:41:15.000000'),
(116, 1013, '2018-02-28 08:41:15.000000', '2018-02-28 08:43:05.000000'),
(117, 1012, '2018-02-28 08:40:49.000000', '2018-02-28 08:42:29.000000'),
(118, 1014, '2018-02-28 08:45:31.000000', '2018-02-28 08:48:11.000000'),
(119, 1017, '2018-02-28 08:29:34.000000', '2018-02-28 08:31:09.000000'),
(120, 1006, '2018-02-28 09:05:10.000000', '2018-02-28 09:07:10.000000'),
(121, 1010, '2018-02-28 08:53:15.000000', '2018-02-28 08:54:55.000000'),
(122, 1015, '2018-02-28 08:36:51.000000', '2018-02-28 08:38:56.000000'),
(123, 1018, '2018-02-28 08:29:35.000000', '2018-02-28 08:31:56.000000'),
(124, 1014, '2018-02-28 08:48:11.000000', '2018-02-28 08:51:11.000000'),
(125, 1013, '2018-02-28 08:43:05.000000', '2018-02-28 08:45:21.000000'),
(126, 1001, '2018-02-28 08:53:49.000000', '2018-02-28 08:56:31.000000'),
(127, 1016, '2018-02-28 08:38:35.000000', '2018-02-28 08:40:40.000000'),
(128, 1016, '2018-02-28 08:40:40.000000', '2018-02-28 08:42:29.000000'),
(129, 1006, '2018-02-28 09:07:10.000000', '2018-02-28 09:09:48.000000'),
(130, 1017, '2018-02-28 08:31:09.000000', '2018-02-28 08:33:01.000000'),
(131, 1010, '2018-02-28 08:54:55.000000', '2018-02-28 08:57:23.000000'),
(132, 1015, '2018-02-28 08:38:56.000000', '2018-02-28 08:41:23.000000'),
(133, 1017, '2018-02-28 08:33:01.000000', '2018-02-28 08:35:22.000000'),
(134, 1016, '2018-02-28 08:42:29.000000', '2018-02-28 08:45:21.000000'),
(135, 1016, '2018-02-28 08:45:21.000000', '2018-02-28 08:48:15.000000'),
(136, 1018, '2018-02-28 08:31:56.000000', '2018-02-28 08:33:32.000000'),
(137, 1012, '2018-02-28 08:42:29.000000', '2018-02-28 08:44:29.000000'),
(138, 1014, '2018-02-28 08:51:11.000000', '2018-02-28 08:52:58.000000'),
(139, 1014, '2018-02-28 08:52:58.000000', '2018-02-28 08:54:47.000000'),
(140, 1014, '2018-02-28 08:54:47.000000', '2018-02-28 08:56:51.000000'),
(141, 1001, '2018-02-28 08:56:31.000000', '2018-02-28 08:58:18.000000'),
(142, 1012, '2018-02-28 08:44:29.000000', '2018-02-28 08:46:40.000000'),
(143, 1018, '2018-02-28 08:33:32.000000', '2018-02-28 08:35:56.000000'),
(144, 1019, '2018-02-28 08:29:36.000000', '2018-02-28 08:31:48.000000'),
(145, 1019, '2018-02-28 08:31:48.000000', '2018-02-28 08:33:41.000000'),
(146, 1017, '2018-02-28 08:35:22.000000', '2018-02-28 08:37:14.000000'),
(147, 1017, '2018-02-28 08:37:14.000000', '2018-02-28 08:39:43.000000'),
(148, 1017, '2018-02-28 08:39:43.000000', '2018-02-28 08:41:43.000000'),
(149, 1017, '2018-02-28 08:41:43.000000', '2018-02-28 08:44:17.000000'),
(150, 1014, '2018-02-28 08:56:51.000000', '2018-02-28 08:59:37.000000'),
(151, 1019, '2018-02-28 08:33:41.000000', '2018-02-28 08:35:36.000000'),
(152, 1010, '2018-02-28 08:57:23.000000', '2018-02-28 09:00:01.000000'),
(153, 1014, '2018-02-28 08:59:37.000000', '2018-02-28 09:02:10.000000'),
(154, 1014, '2018-02-28 09:02:10.000000', '2018-02-28 09:04:09.000000'),
(155, 1021, '2018-02-28 08:29:37.000000', '2018-02-28 08:31:45.000000'),
(156, 1020, '2018-02-28 08:29:37.000000', '2018-02-28 08:32:42.000000'),
(157, 1020, '2018-02-28 08:32:42.000000', '2018-02-28 08:35:46.000000'),
(158, 1017, '2018-02-28 08:44:17.000000', '2018-02-28 08:46:30.000000'),
(159, 1019, '2018-02-28 08:35:36.000000', '2018-02-28 08:37:51.000000'),
(160, 1017, '2018-02-28 08:46:30.000000', '2018-02-28 08:48:09.000000'),
(161, 1022, '2018-02-28 08:29:38.000000', '2018-02-28 08:31:39.000000'),
(162, 1020, '2018-02-28 08:35:46.000000', '2018-02-28 08:38:37.000000'),
(163, 1019, '2018-02-28 08:37:51.000000', '2018-02-28 08:40:13.000000'),
(164, 1014, '2018-02-28 09:04:09.000000', '2018-02-28 09:06:23.000000'),
(165, 1020, '2018-02-28 08:38:37.000000', '2018-02-28 08:40:25.000000'),
(166, 1020, '2018-02-28 08:40:25.000000', '2018-02-28 08:43:19.000000'),
(167, 1017, '2018-02-28 08:48:09.000000', '2018-02-28 08:50:28.000000'),
(168, 1022, '2018-02-28 08:31:39.000000', '2018-02-28 08:33:30.000000'),
(169, 1019, '2018-02-28 08:40:13.000000', '2018-02-28 08:42:19.000000'),
(170, 1022, '2018-02-28 08:33:30.000000', '2018-02-28 08:36:26.000000'),
(171, 1023, '2018-02-28 08:29:39.000000', '2018-02-28 08:31:28.000000'),
(172, 1017, '2018-02-28 08:50:28.000000', '2018-02-28 08:53:13.000000'),
(173, 1019, '2018-02-28 08:42:19.000000', '2018-02-28 08:44:36.000000'),
(174, 1019, '2018-02-28 08:44:36.000000', '2018-02-28 08:46:19.000000'),
(175, 1019, '2018-02-28 08:46:19.000000', '2018-02-28 08:48:33.000000'),
(176, 1014, '2018-02-28 09:06:23.000000', '2018-02-28 09:08:30.000000'),
(177, 1019, '2018-02-28 08:48:33.000000', '2018-02-28 08:50:16.000000'),
(178, 1017, '2018-02-28 08:53:13.000000', '2018-02-28 08:55:49.000000'),
(179, 1023, '2018-02-28 08:31:28.000000', '2018-02-28 08:34:29.000000'),
(180, 1024, '2018-02-28 08:29:40.000000', '2018-02-28 08:31:48.000000'),
(181, 1024, '2018-02-28 08:31:48.000000', '2018-02-28 08:33:26.000000'),
(182, 1022, '2018-02-28 08:36:26.000000', '2018-02-28 08:39:22.000000'),
(183, 1019, '2018-02-28 08:50:16.000000', '2018-02-28 08:52:46.000000'),
(184, 1023, '2018-02-28 08:34:29.000000', '2018-02-28 08:36:09.000000'),
(185, 1024, '2018-02-28 08:33:26.000000', '2018-02-28 08:36:28.000000'),
(186, 1025, '2018-02-28 08:29:40.000000', '2018-02-28 08:31:16.000000'),
(187, 1025, '2018-02-28 08:31:16.000000', '2018-02-28 08:33:25.000000'),
(188, 1022, '2018-02-28 08:39:22.000000', '2018-02-28 08:41:36.000000'),
(189, 1022, '2018-02-28 08:41:36.000000', '2018-02-28 08:44:21.000000'),
(190, 1025, '2018-02-28 08:33:25.000000', '2018-02-28 08:35:00.000000'),
(191, 1024, '2018-02-28 08:36:28.000000', '2018-02-28 08:38:57.000000'),
(192, 1023, '2018-02-28 08:36:09.000000', '2018-02-28 08:39:11.000000'),
(193, 1026, '2018-02-28 08:29:41.000000', '2018-02-28 08:31:35.000000'),
(194, 1026, '2018-02-28 08:31:35.000000', '2018-02-28 08:33:41.000000'),
(195, 1026, '2018-02-28 08:33:41.000000', '2018-02-28 08:36:11.000000'),
(196, 1025, '2018-02-28 08:35:00.000000', '2018-02-28 08:37:37.000000'),
(197, 1026, '2018-02-28 08:36:11.000000', '2018-02-28 08:39:10.000000'),
(198, 1022, '2018-02-28 08:44:21.000000', '2018-02-28 08:47:07.000000'),
(199, 1019, '2018-02-28 08:52:46.000000', '2018-02-28 08:55:45.000000'),
(200, 1027, '2018-02-28 08:29:42.000000', '2018-02-28 08:32:23.000000'),
(201, 1024, '2018-02-28 08:38:57.000000', '2018-02-28 08:40:33.000000'),
(202, 1026, '2018-02-28 08:39:10.000000', '2018-02-28 08:40:46.000000'),
(203, 1027, '2018-02-28 08:32:23.000000', '2018-02-28 08:34:04.000000'),
(204, 1022, '2018-02-28 08:47:07.000000', '2018-02-28 08:49:12.000000'),
(205, 1022, '2018-02-28 08:49:12.000000', '2018-02-28 08:51:30.000000'),
(206, 1022, '2018-02-28 08:51:30.000000', '2018-02-28 08:53:40.000000'),
(207, 1024, '2018-02-28 08:40:33.000000', '2018-02-28 08:42:24.000000'),
(208, 1023, '2018-02-28 08:39:11.000000', '2018-02-28 08:41:57.000000'),
(209, 1023, '2018-02-28 08:41:57.000000', '2018-02-28 08:44:15.000000'),
(210, 1024, '2018-02-28 08:42:24.000000', '2018-02-28 08:44:14.000000'),
(211, 1027, '2018-02-28 08:34:04.000000', '2018-02-28 08:36:34.000000'),
(212, 1019, '2018-02-28 08:55:45.000000', '2018-02-28 08:57:47.000000'),
(213, 1028, '2018-02-28 08:29:43.000000', '2018-02-28 08:31:23.000000'),
(214, 1028, '2018-02-28 08:31:23.000000', '2018-02-28 08:33:22.000000'),
(215, 1024, '2018-02-28 08:44:14.000000', '2018-02-28 08:46:33.000000'),
(216, 1024, '2018-02-28 08:46:33.000000', '2018-02-28 08:48:57.000000'),
(217, 1022, '2018-02-28 08:53:40.000000', '2018-02-28 08:55:32.000000'),
(218, 1026, '2018-02-28 08:40:46.000000', '2018-02-28 08:43:38.000000'),
(219, 1023, '2018-02-28 08:44:15.000000', '2018-02-28 08:46:23.000000'),
(220, 1023, '2018-02-28 08:46:23.000000', '2018-02-28 08:48:23.000000'),
(221, 1026, '2018-02-28 08:43:38.000000', '2018-02-28 08:45:21.000000'),
(222, 1024, '2018-02-28 08:48:57.000000', '2018-02-28 08:51:51.000000'),
(223, 1028, '2018-02-28 08:33:22.000000', '2018-02-28 08:35:17.000000'),
(224, 1029, '2018-02-28 08:29:43.000000', '2018-02-28 08:32:02.000000'),
(225, 1019, '2018-02-28 08:57:47.000000', '2018-02-28 08:59:58.000000'),
(226, 1027, '2018-02-28 08:36:34.000000', '2018-02-28 08:39:04.000000'),
(227, 1019, '2018-02-28 08:59:58.000000', '2018-02-28 09:02:46.000000'),
(228, 1029, '2018-02-28 08:32:02.000000', '2018-02-28 08:34:44.000000'),
(229, 1028, '2018-02-28 08:35:17.000000', '2018-02-28 08:38:13.000000'),
(230, 1024, '2018-02-28 08:51:51.000000', '2018-02-28 08:54:32.000000'),
(231, 1026, '2018-02-28 08:45:21.000000', '2018-02-28 08:47:40.000000'),
(232, 1024, '2018-02-28 08:54:32.000000', '2018-02-28 08:56:31.000000'),
(233, 1028, '2018-02-28 08:38:13.000000', '2018-02-28 08:41:11.000000'),
(234, 1028, '2018-02-28 08:41:11.000000', '2018-02-28 08:43:12.000000'),
(235, 1028, '2018-02-28 08:43:12.000000', '2018-02-28 08:45:02.000000'),
(236, 1030, '2018-02-28 08:29:44.000000', '2018-02-28 08:31:20.000000'),
(237, 1030, '2018-02-28 08:31:20.000000', '2018-02-28 08:33:38.000000'),
(238, 1031, '2018-02-28 08:29:45.000000', '2018-02-28 08:32:26.000000'),
(239, 1023, '2018-02-28 08:48:23.000000', '2018-02-28 08:50:26.000000'),
(240, 1026, '2018-02-28 08:47:40.000000', '2018-02-28 08:50:10.000000'),
(241, 1028, '2018-02-28 08:45:02.000000', '2018-02-28 08:47:08.000000'),
(242, 1024, '2018-02-28 08:56:31.000000', '2018-02-28 08:58:59.000000'),
(243, 1031, '2018-02-28 08:32:26.000000', '2018-02-28 08:34:26.000000'),
(244, 1027, '2018-02-28 08:39:04.000000', '2018-02-28 08:41:31.000000'),
(245, 1024, '2018-02-28 08:58:59.000000', '2018-02-28 09:01:10.000000'),
(246, 1026, '2018-02-28 08:50:10.000000', '2018-02-28 08:51:57.000000'),
(247, 1026, '2018-02-28 08:51:57.000000', '2018-02-28 08:54:48.000000'),
(248, 1032, '2018-02-28 08:29:46.000000', '2018-02-28 08:32:20.000000'),
(249, 1030, '2018-02-28 08:33:38.000000', '2018-02-28 08:35:18.000000'),
(250, 1031, '2018-02-28 08:34:26.000000', '2018-02-28 08:37:18.000000'),
(251, 1032, '2018-02-28 08:32:20.000000', '2018-02-28 08:35:24.000000'),
(252, 1032, '2018-02-28 08:35:24.000000', '2018-02-28 08:37:32.000000'),
(253, 1026, '2018-02-28 08:54:48.000000', '2018-02-28 08:56:29.000000'),
(254, 1028, '2018-02-28 08:47:08.000000', '2018-02-28 08:50:07.000000'),
(255, 1023, '2018-02-28 08:50:26.000000', '2018-02-28 08:53:28.000000'),
(256, 1033, '2018-02-28 08:29:46.000000', '2018-02-28 08:31:25.000000'),
(257, 1030, '2018-02-28 08:35:18.000000', '2018-02-28 08:37:10.000000'),
(258, 1027, '2018-02-28 08:41:31.000000', '2018-02-28 08:44:04.000000'),
(259, 1027, '2018-02-28 08:44:04.000000', '2018-02-28 08:46:27.000000'),
(260, 1031, '2018-02-28 08:37:18.000000', '2018-02-28 08:39:36.000000'),
(261, 1033, '2018-02-28 08:31:25.000000', '2018-02-28 08:33:00.000000'),
(262, 1032, '2018-02-28 08:37:32.000000', '2018-02-28 08:39:39.000000'),
(263, 1026, '2018-02-28 08:56:29.000000', '2018-02-28 08:58:26.000000'),
(264, 1026, '2018-02-28 08:58:26.000000', '2018-02-28 09:00:58.000000'),
(265, 1032, '2018-02-28 08:39:39.000000', '2018-02-28 08:41:58.000000'),
(266, 1023, '2018-02-28 08:53:28.000000', '2018-02-28 08:55:32.000000'),
(267, 1033, '2018-02-28 08:33:00.000000', '2018-02-28 08:35:19.000000'),
(268, 1030, '2018-02-28 08:37:10.000000', '2018-02-28 08:38:46.000000'),
(269, 1031, '2018-02-28 08:39:36.000000', '2018-02-28 08:42:02.000000'),
(270, 1031, '2018-02-28 08:42:02.000000', '2018-02-28 08:44:11.000000'),
(271, 1034, '2018-02-28 08:29:48.000000', '2018-02-28 08:32:19.000000'),
(272, 1028, '2018-02-28 08:50:07.000000', '2018-02-28 08:52:11.000000'),
(273, 1034, '2018-02-28 08:32:19.000000', '2018-02-28 08:34:18.000000'),
(274, 1034, '2018-02-28 08:34:18.000000', '2018-02-28 08:36:34.000000'),
(275, 1033, '2018-02-28 08:35:19.000000', '2018-02-28 08:36:59.000000'),
(276, 1030, '2018-02-28 08:38:46.000000', '2018-02-28 08:41:02.000000'),
(277, 1033, '2018-02-28 08:36:59.000000', '2018-02-28 08:39:31.000000'),
(278, 1033, '2018-02-28 08:39:31.000000', '2018-02-28 08:41:27.000000'),
(279, 1023, '2018-02-28 08:55:32.000000', '2018-02-28 08:57:44.000000'),
(280, 1032, '2018-02-28 08:41:58.000000', '2018-02-28 08:44:08.000000'),
(281, 1035, '2018-02-28 08:29:48.000000', '2018-02-28 08:32:48.000000'),
(282, 1027, '2018-02-28 08:46:27.000000', '2018-02-28 08:48:06.000000'),
(283, 1027, '2018-02-28 08:48:06.000000', '2018-02-28 08:49:54.000000'),
(284, 1035, '2018-02-28 08:32:48.000000', '2018-02-28 08:35:34.000000'),
(285, 1035, '2018-02-28 08:35:34.000000', '2018-02-28 08:37:24.000000'),
(286, 1035, '2018-02-28 08:37:24.000000', '2018-02-28 08:39:19.000000'),
(287, 1035, '2018-02-28 08:39:19.000000', '2018-02-28 08:41:29.000000'),
(288, 1023, '2018-02-28 08:57:44.000000', '2018-02-28 09:00:33.000000'),
(289, 1023, '2018-02-28 09:00:33.000000', '2018-02-28 09:02:23.000000'),
(290, 1035, '2018-02-28 08:41:29.000000', '2018-02-28 08:43:21.000000'),
(291, 1030, '2018-02-28 08:41:02.000000', '2018-02-28 08:42:37.000000'),
(292, 1027, '2018-02-28 08:49:54.000000', '2018-02-28 08:51:35.000000'),
(293, 1027, '2018-02-28 08:51:35.000000', '2018-02-28 08:53:47.000000'),
(294, 1036, '2018-02-28 08:29:49.000000', '2018-02-28 08:32:01.000000'),
(295, 1036, '2018-02-28 08:32:01.000000', '2018-02-28 08:34:09.000000'),
(296, 1032, '2018-02-28 08:44:08.000000', '2018-02-28 08:46:48.000000'),
(297, 1036, '2018-02-28 08:34:09.000000', '2018-02-28 08:36:16.000000'),
(298, 1023, '2018-02-28 09:02:23.000000', '2018-02-28 09:05:06.000000'),
(299, 1035, '2018-02-28 08:43:21.000000', '2018-02-28 08:45:04.000000'),
(300, 1030, '2018-02-28 08:42:37.000000', '2018-02-28 08:45:01.000000'),
(301, 1037, '2018-02-28 08:29:50.000000', '2018-02-28 08:31:38.000000'),
(302, 1037, '2018-02-28 08:31:38.000000', '2018-02-28 08:33:23.000000'),
(303, 1037, '2018-02-28 08:33:23.000000', '2018-02-28 08:35:50.000000'),
(304, 1037, '2018-02-28 08:35:50.000000', '2018-02-28 08:37:32.000000'),
(305, 1036, '2018-02-28 08:36:16.000000', '2018-02-28 08:39:12.000000'),
(306, 1032, '2018-02-28 08:46:48.000000', '2018-02-28 08:49:38.000000'),
(307, 1037, '2018-02-28 08:37:32.000000', '2018-02-28 08:40:19.000000'),
(308, 1023, '2018-02-28 09:05:06.000000', '2018-02-28 09:07:33.000000'),
(309, 1035, '2018-02-28 08:45:04.000000', '2018-02-28 08:46:44.000000'),
(310, 1038, '2018-02-28 08:29:51.000000', '2018-02-28 08:32:19.000000'),
(311, 1032, '2018-02-28 08:49:38.000000', '2018-02-28 08:52:10.000000'),
(312, 1038, '2018-02-28 08:32:19.000000', '2018-02-28 08:33:59.000000'),
(313, 1023, '2018-02-28 09:07:33.000000', '2018-02-28 09:09:19.000000'),
(314, 1023, '2018-02-28 09:09:19.000000', '2018-02-28 09:11:47.000000'),
(315, 1039, '2018-02-28 08:29:51.000000', '2018-02-28 08:31:29.000000'),
(316, 1038, '2018-02-28 08:33:59.000000', '2018-02-28 08:35:41.000000'),
(317, 1039, '2018-02-28 08:31:29.000000', '2018-02-28 08:34:03.000000'),
(318, 1039, '2018-02-28 08:34:03.000000', '2018-02-28 08:36:23.000000'),
(319, 1035, '2018-02-28 08:46:44.000000', '2018-02-28 08:48:50.000000'),
(320, 1038, '2018-02-28 08:35:41.000000', '2018-02-28 08:37:25.000000'),
(321, 1038, '2018-02-28 08:37:25.000000', '2018-02-28 08:40:09.000000'),
(322, 1035, '2018-02-28 08:48:50.000000', '2018-02-28 08:51:37.000000'),
(323, 1040, '2018-02-28 08:29:52.000000', '2018-02-28 08:32:28.000000'),
(324, 1041, '2018-02-28 08:29:53.000000', '2018-02-28 08:32:52.000000'),
(325, 1035, '2018-02-28 08:51:37.000000', '2018-02-28 08:54:09.000000'),
(326, 1041, '2018-02-28 08:32:52.000000', '2018-02-28 08:35:16.000000'),
(327, 1039, '2018-02-28 08:36:23.000000', '2018-02-28 08:38:41.000000'),
(328, 1040, '2018-02-28 08:32:28.000000', '2018-02-28 08:34:50.000000'),
(329, 1039, '2018-02-28 08:38:41.000000', '2018-02-28 08:41:00.000000'),
(330, 1041, '2018-02-28 08:35:16.000000', '2018-02-28 08:37:06.000000'),
(331, 1038, '2018-02-28 08:40:09.000000', '2018-02-28 08:42:31.000000'),
(332, 1038, '2018-02-28 08:42:31.000000', '2018-02-28 08:44:22.000000'),
(333, 1040, '2018-02-28 08:34:50.000000', '2018-02-28 08:36:51.000000'),
(334, 1039, '2018-02-28 08:41:00.000000', '2018-02-28 08:43:23.000000'),
(335, 1041, '2018-02-28 08:37:06.000000', '2018-02-28 08:39:12.000000'),
(336, 1042, '2018-02-28 08:29:54.000000', '2018-02-28 08:32:29.000000'),
(337, 1038, '2018-02-28 08:44:22.000000', '2018-02-28 08:46:00.000000'),
(338, 1038, '2018-02-28 08:46:00.000000', '2018-02-28 08:47:36.000000'),
(339, 1038, '2018-02-28 08:47:36.000000', '2018-02-28 08:49:20.000000'),
(340, 1040, '2018-02-28 08:36:51.000000', '2018-02-28 08:39:43.000000'),
(341, 1043, '2018-02-28 08:29:54.000000', '2018-02-28 08:31:41.000000'),
(342, 1042, '2018-02-28 08:32:29.000000', '2018-02-28 08:34:49.000000'),
(343, 1043, '2018-02-28 08:31:41.000000', '2018-02-28 08:33:59.000000'),
(344, 1039, '2018-02-28 08:43:23.000000', '2018-02-28 08:46:22.000000'),
(345, 1039, '2018-02-28 08:46:22.000000', '2018-02-28 08:48:58.000000'),
(346, 1043, '2018-02-28 08:33:59.000000', '2018-02-28 08:36:31.000000'),
(347, 1042, '2018-02-28 08:34:49.000000', '2018-02-28 08:36:40.000000'),
(348, 1041, '2018-02-28 08:39:12.000000', '2018-02-28 08:41:22.000000'),
(349, 1044, '2018-02-28 08:29:55.000000', '2018-02-28 08:32:58.000000'),
(350, 1043, '2018-02-28 08:36:31.000000', '2018-02-28 08:39:02.000000'),
(351, 1039, '2018-02-28 08:48:58.000000', '2018-02-28 08:50:48.000000'),
(352, 1040, '2018-02-28 08:39:43.000000', '2018-02-28 08:42:01.000000'),
(353, 1043, '2018-02-28 08:39:02.000000', '2018-02-28 08:41:10.000000'),
(354, 1044, '2018-02-28 08:32:58.000000', '2018-02-28 08:35:28.000000'),
(355, 1042, '2018-02-28 08:36:40.000000', '2018-02-28 08:38:24.000000'),
(356, 1044, '2018-02-28 08:35:28.000000', '2018-02-28 08:37:45.000000'),
(357, 1039, '2018-02-28 08:50:48.000000', '2018-02-28 08:53:39.000000'),
(358, 1039, '2018-02-28 08:53:39.000000', '2018-02-28 08:56:20.000000'),
(359, 1043, '2018-02-28 08:41:10.000000', '2018-02-28 08:42:54.000000'),
(360, 1045, '2018-02-28 08:29:56.000000', '2018-02-28 08:31:53.000000'),
(361, 1042, '2018-02-28 08:38:24.000000', '2018-02-28 08:40:08.000000'),
(362, 1042, '2018-02-28 08:40:08.000000', '2018-02-28 08:42:14.000000'),
(363, 1041, '2018-02-28 08:41:22.000000', '2018-02-28 08:43:25.000000'),
(364, 1044, '2018-02-28 08:37:45.000000', '2018-02-28 08:39:32.000000'),
(365, 1039, '2018-02-28 08:56:20.000000', '2018-02-28 08:58:07.000000'),
(366, 1039, '2018-02-28 08:58:07.000000', '2018-02-28 09:00:31.000000'),
(367, 1044, '2018-02-28 08:39:32.000000', '2018-02-28 08:42:31.000000'),
(368, 1045, '2018-02-28 08:31:53.000000', '2018-02-28 08:34:13.000000'),
(369, 1045, '2018-02-28 08:34:13.000000', '2018-02-28 08:35:55.000000'),
(370, 1046, '2018-02-28 08:29:57.000000', '2018-02-28 08:31:32.000000'),
(371, 1044, '2018-02-28 08:42:31.000000', '2018-02-28 08:44:55.000000'),
(372, 1039, '2018-02-28 09:00:31.000000', '2018-02-28 09:02:50.000000'),
(373, 1039, '2018-02-28 09:02:50.000000', '2018-02-28 09:05:11.000000'),
(374, 1040, '2018-02-28 08:42:01.000000', '2018-02-28 08:43:52.000000'),
(375, 1039, '2018-02-28 09:05:11.000000', '2018-02-28 09:07:56.000000'),
(376, 1047, '2018-02-28 08:29:57.000000', '2018-02-28 08:32:33.000000'),
(377, 1046, '2018-02-28 08:31:32.000000', '2018-02-28 08:34:03.000000'),
(378, 1045, '2018-02-28 08:35:55.000000', '2018-02-28 08:38:54.000000'),
(379, 1048, '2018-02-28 08:29:58.000000', '2018-02-28 08:32:09.000000'),
(380, 1047, '2018-02-28 08:32:33.000000', '2018-02-28 08:34:26.000000'),
(381, 1044, '2018-02-28 08:44:55.000000', '2018-02-28 08:47:14.000000'),
(382, 1047, '2018-02-28 08:34:26.000000', '2018-02-28 08:36:58.000000'),
(383, 1048, '2018-02-28 08:32:09.000000', '2018-02-28 08:34:51.000000'),
(384, 1046, '2018-02-28 08:34:03.000000', '2018-02-28 08:36:51.000000'),
(385, 1041, '2018-02-28 08:43:25.000000', '2018-02-28 08:45:30.000000'),
(386, 1045, '2018-02-28 08:38:54.000000', '2018-02-28 08:41:09.000000'),
(387, 1045, '2018-02-28 08:41:09.000000', '2018-02-28 08:43:49.000000'),
(388, 1046, '2018-02-28 08:36:51.000000', '2018-02-28 08:38:58.000000'),
(389, 1049, '2018-02-28 08:29:58.000000', '2018-02-28 08:32:25.000000'),
(390, 1047, '2018-02-28 08:36:58.000000', '2018-02-28 08:39:41.000000'),
(391, 1049, '2018-02-28 08:32:25.000000', '2018-02-28 08:34:26.000000'),
(392, 1045, '2018-02-28 08:43:49.000000', '2018-02-28 08:45:38.000000'),
(393, 1041, '2018-02-28 08:45:30.000000', '2018-02-28 08:47:26.000000'),
(394, 1045, '2018-02-28 08:45:38.000000', '2018-02-28 08:48:38.000000'),
(395, 1050, '2018-02-28 08:29:59.000000', '2018-02-28 08:32:17.000000'),
(396, 1048, '2018-02-28 08:34:51.000000', '2018-02-28 08:37:12.000000'),
(397, 1046, '2018-02-28 08:38:58.000000', '2018-02-28 08:41:58.000000'),
(398, 1046, '2018-02-28 08:41:58.000000', '2018-02-28 08:44:37.000000'),
(399, 1049, '2018-02-28 08:34:26.000000', '2018-02-28 08:37:03.000000'),
(400, 1049, '2018-02-28 08:37:03.000000', '2018-02-28 08:38:59.000000'),
(401, 1047, '2018-02-28 08:39:41.000000', '2018-02-28 08:42:16.000000'),
(402, 1047, '2018-02-28 08:42:16.000000', '2018-02-28 08:45:01.000000'),
(403, 1048, '2018-02-28 08:37:12.000000', '2018-02-28 08:40:10.000000'),
(404, 1045, '2018-02-28 08:48:38.000000', '2018-02-28 08:50:52.000000'),
(405, 1045, '2018-02-28 08:50:52.000000', '2018-02-28 08:53:33.000000'),
(406, 1041, '2018-02-28 08:47:26.000000', '2018-02-28 08:49:11.000000'),
(407, 1041, '2018-02-28 08:49:11.000000', '2018-02-28 08:51:35.000000'),
(408, 1045, '2018-02-28 08:53:33.000000', '2018-02-28 08:56:04.000000'),
(409, 1050, '2018-02-28 08:32:17.000000', '2018-02-28 08:34:58.000000'),
(410, 1046, '2018-02-28 08:44:37.000000', '2018-02-28 08:46:13.000000'),
(411, 1049, '2018-02-28 08:38:59.000000', '2018-02-28 08:41:44.000000'),
(412, 1044, '2018-02-28 08:47:14.000000', '2018-02-28 08:49:05.000000'),
(413, 1049, '2018-02-28 08:41:44.000000', '2018-02-28 08:44:15.000000'),
(414, 1046, '2018-02-28 08:46:13.000000', '2018-02-28 08:48:26.000000'),
(415, 1050, '2018-02-28 08:34:58.000000', '2018-02-28 08:36:46.000000'),
(416, 1048, '2018-02-28 08:40:10.000000', '2018-02-28 08:43:14.000000'),
(417, 1044, '2018-02-28 08:49:05.000000', '2018-02-28 08:50:43.000000'),
(418, 1046, '2018-02-28 08:48:26.000000', '2018-02-28 08:50:49.000000'),
(419, 1045, '2018-02-28 08:56:04.000000', '2018-02-28 08:59:07.000000'),
(420, 1048, '2018-02-28 08:43:14.000000', '2018-02-28 08:45:50.000000'),
(421, 1044, '2018-02-28 08:50:43.000000', '2018-02-28 08:53:01.000000'),
(422, 1049, '2018-02-28 08:44:15.000000', '2018-02-28 08:45:53.000000'),
(423, 1050, '2018-02-28 08:36:46.000000', '2018-02-28 08:39:27.000000'),
(424, 1048, '2018-02-28 08:45:50.000000', '2018-02-28 08:48:53.000000'),
(425, 1045, '2018-02-28 08:59:07.000000', '2018-02-28 09:02:06.000000'),
(426, 1046, '2018-02-28 08:50:49.000000', '2018-02-28 08:53:39.000000'),
(427, 1046, '2018-02-28 08:53:39.000000', '2018-02-28 08:55:32.000000'),
(428, 1050, '2018-02-28 08:39:27.000000', '2018-02-28 08:42:03.000000'),
(429, 1046, '2018-02-28 08:55:32.000000', '2018-02-28 08:58:12.000000'),
(430, 1044, '2018-02-28 08:53:01.000000', '2018-02-28 08:55:50.000000'),
(431, 1050, '2018-02-28 08:42:03.000000', '2018-02-28 08:44:40.000000'),
(432, 1048, '2018-02-28 08:48:53.000000', '2018-02-28 08:51:34.000000'),
(433, 1046, '2018-02-28 08:58:12.000000', '2018-02-28 09:00:35.000000'),
(434, 1044, '2018-02-28 08:55:50.000000', '2018-02-28 08:58:35.000000'),
(435, 1048, '2018-02-28 08:51:34.000000', '2018-02-28 08:53:48.000000'),
(436, 1046, '2018-02-28 09:00:35.000000', '2018-02-28 09:03:38.000000'),
(437, 1044, '2018-02-28 08:58:35.000000', '2018-02-28 09:01:03.000000'),
(438, 1044, '2018-02-28 09:01:03.000000', '2018-02-28 09:02:39.000000'),
(439, 1048, '2018-02-28 08:53:48.000000', '2018-02-28 08:55:47.000000'),
(440, 1048, '2018-02-28 08:55:47.000000', '2018-02-28 08:58:24.000000');

-- --------------------------------------------------------

--
-- Table structure for table `registration`
--

CREATE TABLE `registration` (
  `registration_ID` int(3) NOT NULL,
  `tag_ID` int(30) NOT NULL,
  `no_Peserta` int(11) NOT NULL,
  `nama` varchar(24) NOT NULL,
  `gender` varchar(10) NOT NULL,
  `kategori_ID` int(11) NOT NULL,
  `donasi_Lap` int(11) NOT NULL
) ENGINE=InnoDB DEFAULT CHARSET=latin1;

--
-- Dumping data for table `registration`
--

INSERT INTO `registration` (`registration_ID`, `tag_ID`, `no_Peserta`, `nama`, `gender`, `kategori_ID`, `donasi_Lap`) VALUES
(1, 77005445, 1023, 'Eva', 'Male', 1, 40363),
(2, 73892729, 1041, 'Alf', 'Famale', 2, 9137),
(3, 91715907, 1045, 'Easton', 'Famale', 3, 41296),
(4, 2663417, 1006, 'Kameron', 'Male', 3, 5317),
(5, 96854346, 1014, 'Bryce', 'Male', 1, 8088),
(6, 8839225, 1008, 'Rick', 'Famale', 1, 195),
(7, 32965651, 1044, 'Dean', 'Male', 1, 4408),
(8, 4548987, 1035, 'Laverne', 'Male', 2, 28146),
(9, 59364612, 1004, 'Alexandria', 'Famale', 3, 33451),
(10, 42642505, 1017, 'Layla', 'Male', 3, 22987),
(11, 92211663, 1036, 'Elenor', 'Famale', 2, 17738),
(12, 85946860, 1002, 'Therese', 'Male', 1, 30244),
(13, 66193761, 1043, 'Kaya', 'Famale', 3, 30156),
(14, 2067594, 1013, 'Ivory', 'Male', 3, 49579),
(15, 23103595, 1010, 'Ruben', 'Male', 2, 39318),
(16, 89682952, 1050, 'Josianne', 'Famale', 1, 21185),
(17, 10634070, 1001, 'Baby', 'Male', 3, 26422),
(18, 30091628, 1028, 'Rogers', 'Famale', 2, 12735),
(19, 59152144, 1020, 'Natalie', 'Male', 3, 17487),
(20, 87452822, 1015, 'Camron', 'Male', 1, 23587),
(21, 98387351, 1005, 'Vernie', 'Male', 3, 38071),
(22, 79755996, 1034, 'Cierra', 'Male', 1, 22313),
(23, 8765335, 1033, 'Angelina', 'Famale', 1, 9339),
(24, 47206459, 1040, 'Torrance', 'Male', 3, 2960),
(25, 26600269, 1016, 'Obie', 'Male', 1, 36655),
(26, 29717099, 1038, 'Roberta', 'Male', 3, 5148),
(27, 67459137, 1003, 'Demario', 'Male', 1, 44979),
(28, 9718240, 1026, 'Greg', 'Male', 3, 41889),
(29, 25606833, 1025, 'Jenifer', 'Famale', 2, 18578),
(30, 39630892, 1024, 'Stefan', 'Male', 2, 12824),
(31, 66918630, 1007, 'Carmella', 'Famale', 3, 18142),
(32, 24939981, 1009, 'Maud', 'Famale', 2, 42973),
(33, 69123246, 1046, 'Berniece', 'Male', 1, 44744),
(34, 23332249, 1021, 'Danyka', 'Male', 2, 23833),
(35, 59169659, 1027, 'Myles', 'Male', 2, 19767),
(36, 19633092, 1047, 'Watson', 'Famale', 1, 36958),
(37, 44516617, 1048, 'Natalie', 'Famale', 2, 36564),
(38, 58015088, 1030, 'Kip', 'Famale', 3, 37060),
(39, 70667257, 1012, 'Zelma', 'Famale', 2, 41967),
(40, 94876137, 1029, 'Marta', 'Famale', 1, 14679),
(41, 49220638, 1037, 'Quinn', 'Male', 3, 12984),
(42, 10939053, 1032, 'Ida', 'Male', 1, 40766),
(43, 62291324, 1039, 'Adela', 'Male', 2, 783),
(44, 36548625, 1019, 'Dustin', 'Male', 2, 47625),
(45, 54697245, 1031, 'Amelia', 'Famale', 3, 44239),
(46, 9859818, 1049, 'Ibrahim', 'Famale', 3, 41725),
(47, 66594140, 1018, 'Guiseppe', 'Male', 3, 33865),
(48, 11999879, 1011, 'Chaim', 'Famale', 2, 25259),
(49, 23787320, 1042, 'Lenny', 'Famale', 2, 2167),
(50, 23703483, 1022, 'Frank', 'Famale', 3, 11165);

--
-- Indexes for dumped tables
--

--
-- Indexes for table `kategori`
--
ALTER TABLE `kategori`
  ADD PRIMARY KEY (`kategori_ID`),
  ADD UNIQUE KEY `kategori_ID` (`kategori_ID`);

--
-- Indexes for table `record`
--
ALTER TABLE `record`
  ADD PRIMARY KEY (`record_ID`),
  ADD KEY `record_ibfk_1` (`runner_ID`);

--
-- Indexes for table `registration`
--
ALTER TABLE `registration`
  ADD PRIMARY KEY (`registration_ID`),
  ADD UNIQUE KEY `no_Peserta` (`no_Peserta`),
  ADD KEY `kategori_relation` (`kategori_ID`);

--
-- AUTO_INCREMENT for dumped tables
--

--
-- AUTO_INCREMENT for table `kategori`
--
ALTER TABLE `kategori`
  MODIFY `kategori_ID` int(11) NOT NULL AUTO_INCREMENT, AUTO_INCREMENT=4;
--
-- AUTO_INCREMENT for table `record`
--
ALTER TABLE `record`
  MODIFY `record_ID` int(3) NOT NULL AUTO_INCREMENT, AUTO_INCREMENT=441;
--
-- AUTO_INCREMENT for table `registration`
--
ALTER TABLE `registration`
  MODIFY `registration_ID` int(3) NOT NULL AUTO_INCREMENT, AUTO_INCREMENT=51;
--
-- Constraints for dumped tables
--

--
-- Constraints for table `record`
--
ALTER TABLE `record`
  ADD CONSTRAINT `record_relation` FOREIGN KEY (`runner_ID`) REFERENCES `registration` (`no_Peserta`);

--
-- Constraints for table `registration`
--
ALTER TABLE `registration`
  ADD CONSTRAINT `kategori_relation` FOREIGN KEY (`kategori_ID`) REFERENCES `kategori` (`kategori_ID`);
COMMIT;

/*!40101 SET CHARACTER_SET_CLIENT=@OLD_CHARACTER_SET_CLIENT */;
/*!40101 SET CHARACTER_SET_RESULTS=@OLD_CHARACTER_SET_RESULTS */;
/*!40101 SET COLLATION_CONNECTION=@OLD_COLLATION_CONNECTION */;
